,N,T,cf,reward,method,zcoef,seed
0,100,10,0.0,-2.510866853507774,random,0.0,1
0,100,10,0.34189,0.5947902672970778,full,0.0,1
0,100,10,0.0,0.9334232205340092,unaware,0.0,1
0,100,10,0.06689999999999999,0.7724651083517553,ours,0.0,1
0,100,10,0.0,-2.4183663227185694,random,0.0,2
0,100,10,0.22418000000000005,0.4540585672307923,full,0.0,2
0,100,10,0.0,0.8656198670865867,unaware,0.0,2
0,100,10,0.0,-0.41834713523257316,ours,0.0,2
0,100,10,0.0,-2.594510017169292,random,0.0,3
0,100,10,0.14443999999999999,0.7574960567743776,full,0.0,3
0,100,10,0.0,0.4626820624476024,unaware,0.0,3
0,100,10,0.23136,-0.2808110530223117,ours,0.0,3
0,100,10,0.0,-2.4318076724075604,random,0.0,4
0,100,10,0.07333,1.0028801685970352,full,0.0,4
0,100,10,0.0,0.9582591098906247,unaware,0.0,4
0,100,10,0.25961,0.1286566358755111,ours,0.0,4
0,100,10,0.0,-2.4454573475213395,random,0.0,5
0,100,10,0.41988000000000003,-0.06749945357126134,full,0.0,5
0,100,10,0.0,0.91586589780817,unaware,0.0,5
0,100,10,0.28914,-0.2314010524544014,ours,0.0,5
0,100,10,0.0,-2.5896824886182825,random,0.0,6
0,100,10,0.17657,0.540898561266912,full,0.0,6
0,100,10,0.0,0.53498888078999,unaware,0.0,6
0,100,10,0.05023999999999999,-1.2195305994784742,ours,0.0,6
0,100,10,0.0,-2.551422045099753,random,0.0,7
0,100,10,0.26842000000000005,0.6269987560307952,full,0.0,7
0,100,10,0.0,0.8702808388234164,unaware,0.0,7
0,100,10,0.07682999999999998,0.8808203706518741,ours,0.0,7
0,100,10,0.0,-2.5146383227904385,random,0.0,8
0,100,10,0.21355,-0.12881500528515802,full,0.0,8
0,100,10,0.0,0.6170467204849214,unaware,0.0,8
0,100,10,0.26313,0.24753264809511152,ours,0.0,8
0,100,10,0.0,-2.5494507766046577,random,0.0,9
0,100,10,0.20775000000000002,0.41959305207855535,full,0.0,9
0,100,10,0.0,0.8732569090576782,unaware,0.0,9
0,100,10,0.25673999999999997,0.05403481279471589,ours,0.0,9
0,100,10,0.0,-2.4640706137967054,random,0.0,10
0,100,10,0.03727,0.8163767843443184,full,0.0,10
0,100,10,0.0,0.8267389267037399,unaware,0.0,10
0,100,10,0.07798,0.8510038775258952,ours,0.0,10
0,100,10,0.0,-2.4753999863704403,random,0.0,11
0,100,10,0.24131,0.6211249397212345,full,0.0,11
0,100,10,0.0,0.9593145685146636,unaware,0.0,11
0,100,10,0.0,-0.5387432759686279,ours,0.0,11
0,100,10,0.0,-2.5526791515691944,random,0.0,12
0,100,10,0.19419000000000003,0.11821376273561642,full,0.0,12
0,100,10,0.0,0.7380504586255442,unaware,0.0,12
0,100,10,0.16432,0.7421370700658583,ours,0.0,12
0,100,10,0.0,-2.534020055727393,random,0.0,13
0,100,10,0.35891999999999996,0.14545431260977298,full,0.0,13
0,100,10,0.0,0.6502120640630432,unaware,0.0,13
0,100,10,0.33958999999999995,-0.38480811751084165,ours,0.0,13
0,100,10,0.0,-2.4833705409759332,random,0.0,14
0,100,10,0.08427,0.8946858527068264,full,0.0,14
0,100,10,0.0,0.9108555105582525,unaware,0.0,14
0,100,10,0.05438,0.6928604186918373,ours,0.0,14
0,100,10,0.0,-2.4469681236068865,random,0.0,15
0,100,10,0.15354,0.8932652552276465,full,0.0,15
0,100,10,0.0,1.0133753680553819,unaware,0.0,15
0,100,10,0.30036,0.09212737563664039,ours,0.0,15
0,100,10,0.0,-2.4685648686704207,random,0.0,16
0,100,10,0.99738,-1.908864925436199,full,0.0,16
0,100,10,0.0,0.9817204662560598,unaware,0.0,16
0,100,10,0.16561,0.6196659159748519,ours,0.0,16
0,100,10,0.0,-2.493969073616866,random,0.0,17
0,100,10,0.24910000000000004,0.48352342734841247,full,0.0,17
0,100,10,0.0,0.8284508224284206,unaware,0.0,17
0,100,10,0.10593,0.34093824432842174,ours,0.0,17
0,100,10,0.0,-2.563632678007519,random,0.0,18
0,100,10,0.20524,0.6698964636624478,full,0.0,18
0,100,10,0.0,0.7122362601985788,unaware,0.0,18
0,100,10,0.17233,0.4501903636543147,ours,0.0,18
0,100,10,0.0,-2.485916605921944,random,0.0,19
0,100,10,0.18954000000000001,0.6445438605720928,full,0.0,19
0,100,10,0.0,0.9185168411619059,unaware,0.0,19
0,100,10,0.0,-3.227556242240173,ours,0.0,19
0,100,10,0.0,-2.5240419532601264,random,0.0,20
0,100,10,0.13347,0.5414034594413194,full,0.0,20
0,100,10,0.0,0.9374272628250833,unaware,0.0,20
0,100,10,0.14342,0.4843098484615274,ours,0.0,20
0,100,10,0.0,-2.4664301561610786,random,0.0,21
0,100,10,0.12893000000000002,0.6487194788836902,full,0.0,21
0,100,10,0.0,0.9940584426031286,unaware,0.0,21
0,100,10,0.08821,0.20752854434149054,ours,0.0,21
0,100,10,0.0,-2.492183769467072,random,0.0,22
0,100,10,0.11012,0.8852228791011828,full,0.0,22
0,100,10,0.0,0.7363976479004972,unaware,0.0,22
0,100,10,0.05858,0.9000738912510103,ours,0.0,22
0,100,10,0.0,-2.5073267924126403,random,0.0,23
0,100,10,0.20772,0.7115925709838564,full,0.0,23
0,100,10,0.0,0.9542255007214824,unaware,0.0,23
0,100,10,0.31432000000000004,-0.7938165170496652,ours,0.0,23
0,100,10,0.0,-2.5642919063564777,random,0.0,24
0,100,10,0.20509999999999998,0.6709754417125896,full,0.0,24
0,100,10,0.0,0.8015632720548129,unaware,0.0,24
0,100,10,0.12836,0.5709385592819186,ours,0.0,24
0,100,10,0.0,-2.5006966451013932,random,0.0,25
0,100,10,0.90755,-1.859142061850492,full,0.0,25
0,100,10,0.0,0.9258940947689827,unaware,0.0,25
0,100,10,0.22313000000000005,0.2521381969857802,ours,0.0,25
0,100,10,0.0,-2.5179113592534823,random,0.0,26
0,100,10,0.29594,0.5554401427946305,full,0.0,26
0,100,10,0.0,0.9516916936055697,unaware,0.0,26
0,100,10,0.34696,-0.2354738313050222,ours,0.0,26
0,100,10,0.0,-2.5417769369740304,random,0.0,27
0,100,10,0.40654,-1.310905837461314,full,0.0,27
0,100,10,0.0,0.8098912478438568,unaware,0.0,27
0,100,10,0.06909,0.8731356160861213,ours,0.0,27
0,100,10,0.0,-2.4546039639333985,random,0.0,28
0,100,10,0.26838,0.7095924819794087,full,0.0,28
0,100,10,0.0,0.6769781120996448,unaware,0.0,28
0,100,10,0.13338,0.6179966548304422,ours,0.0,28
0,100,10,0.0,-2.50205624228656,random,0.0,29
0,100,10,0.25229,0.36421842432648466,full,0.0,29
0,100,10,0.0,0.7707507496713955,unaware,0.0,29
0,100,10,0.35139000000000004,-1.1887089131828492,ours,0.0,29
0,100,10,0.0,-2.5409660024182457,random,0.0,30
0,100,10,0.20581,0.2396832683217694,full,0.0,30
0,100,10,0.0,0.779919458199577,unaware,0.0,30
0,100,10,0.0,-0.6431591403729828,ours,0.0,30
0,100,10,0.0,-2.4633926439888483,random,0.0,31
0,100,10,0.28308999999999995,0.21105698928850666,full,0.0,31
0,100,10,0.0,0.914464847666418,unaware,0.0,31
0,100,10,0.13545,0.8639327650351292,ours,0.0,31
0,100,10,0.0,-2.525522971217293,random,0.0,32
0,100,10,0.12732,0.807840566853105,full,0.0,32
0,100,10,0.0,0.9516003818416776,unaware,0.0,32
0,100,10,0.04128,0.4972881683421617,ours,0.0,32
0,100,10,0.0,-2.5097482343554494,random,0.0,33
0,100,10,0.9903400000000001,-1.798091730726861,full,0.0,33
0,100,10,0.0,0.9570607355594752,unaware,0.0,33
0,100,10,0.26286,-0.23703526853457946,ours,0.0,33
0,100,10,0.0,-2.590585821399614,random,0.0,34
0,100,10,0.22945000000000002,0.25014625034796406,full,0.0,34
0,100,10,0.0,0.8073158851984004,unaware,0.0,34
0,100,10,0.36465,-0.8706460845739882,ours,0.0,34
0,100,10,0.0,-2.502452605807555,random,0.0,35
0,100,10,0.23074,0.415520158182024,full,0.0,35
0,100,10,0.0,0.9765687311774768,unaware,0.0,35
0,100,10,0.0,-0.5783466741839199,ours,0.0,35
0,100,10,0.0,-2.4982367699674164,random,0.0,36
0,100,10,0.27208,0.13863075095520383,full,0.0,36
0,100,10,0.0,0.8405582715563809,unaware,0.0,36
0,100,10,0.35136,-1.2641565598895144,ours,0.0,36
0,100,10,0.0,-2.5371579442159935,random,0.0,37
0,100,10,0.33115,0.37988919031672314,full,0.0,37
0,100,10,0.0,0.7160266586712638,unaware,0.0,37
0,100,10,0.24391,0.2891925141556134,ours,0.0,37
0,100,10,0.0,-2.551578887757059,random,0.0,38
0,100,10,0.19402,0.6111580323047571,full,0.0,38
0,100,10,0.0,0.9139322867103239,unaware,0.0,38
0,100,10,0.21315,0.33901112102552655,ours,0.0,38
0,100,10,0.0,-2.5333598584484776,random,0.0,39
0,100,10,0.006369999999999999,0.9437084044477211,full,0.0,39
0,100,10,0.0,0.9521106300825728,unaware,0.0,39
0,100,10,0.22787000000000002,0.3834113047548462,ours,0.0,39
0,100,10,0.0,-2.500496275580809,random,0.0,40
0,100,10,0.27179,0.717447987145246,full,0.0,40
0,100,10,0.0,0.8118652065619052,unaware,0.0,40
0,100,10,0.1392,0.640415752394492,ours,0.0,40
0,100,10,0.0,-2.5148259694242228,random,0.0,41
0,100,10,0.2399,0.36088490780700866,full,0.0,41
0,100,10,0.0,0.6648579726424018,unaware,0.0,41
0,100,10,0.09068999999999999,0.9219195971989701,ours,0.0,41
0,100,10,0.0,-2.544399304727476,random,0.0,42
0,100,10,0.12238,0.8043643145586264,full,0.0,42
0,100,10,0.0,0.9316580126009506,unaware,0.0,42
0,100,10,0.08743,0.8435026570502456,ours,0.0,42
0,100,10,0.0,-2.5489193507932404,random,0.0,43
0,100,10,0.36955000000000005,-0.17254327986683446,full,0.0,43
0,100,10,0.0,0.8432070150476473,unaware,0.0,43
0,100,10,0.08363,0.6140262803238725,ours,0.0,43
0,100,10,0.0,-2.5323900894114444,random,0.0,44
0,100,10,0.1465,0.875191470528512,full,0.0,44
0,100,10,0.0,0.8839014268988201,unaware,0.0,44
0,100,10,0.23220999999999997,0.12456798277523355,ours,0.0,44
0,100,10,0.0,-2.4897295493439437,random,0.0,45
0,100,10,0.11922999999999999,0.32955119877458394,full,0.0,45
0,100,10,0.0,0.517121081768762,unaware,0.0,45
0,100,10,0.0,-0.5705745444280802,ours,0.0,45
0,100,10,0.0,-2.517335050128718,random,0.0,46
0,100,10,0.15709,0.8383080586158702,full,0.0,46
0,100,10,0.0,0.5725343683358677,unaware,0.0,46
0,100,10,0.15428,0.7774071915035276,ours,0.0,46
0,100,10,0.0,-2.5625049274046963,random,0.0,47
0,100,10,0.29907,0.21768225973473482,full,0.0,47
0,100,10,0.0,0.6987292260837985,unaware,0.0,47
0,100,10,0.22858,0.3936212400074305,ours,0.0,47
0,100,10,0.0,-2.509749071506952,random,0.0,48
0,100,10,0.2144,0.5325222279404038,full,0.0,48
0,100,10,0.0,0.7974437084408355,unaware,0.0,48
0,100,10,0.20939999999999998,0.33184048840136415,ours,0.0,48
0,100,10,0.0,-2.534796081027517,random,0.0,49
0,100,10,0.22247999999999996,0.02964330603444726,full,0.0,49
0,100,10,0.0,0.9454622830635168,unaware,0.0,49
0,100,10,0.23150999999999997,0.30199145728653726,ours,0.0,49
0,100,10,0.0,-2.480266985749548,random,0.0,50
0,100,10,0.13634,0.6829961615142202,full,0.0,50
0,100,10,0.0,0.6852470870965789,unaware,0.0,50
0,100,10,0.0,-3.224499642672562,ours,0.0,50
0,100,10,0.0,-2.024897728830103,random,0.5,1
0,100,10,0.30693,0.5653197736541701,full,0.5,1
0,100,10,0.19469,1.4606530571308405,unaware,0.5,1
0,100,10,0.25764,-0.9315923284768393,ours,0.5,1
0,100,10,0.0,-1.9333641192711795,random,0.5,2
0,100,10,0.53378,1.2343306962207552,full,0.5,2
0,100,10,0.24802,1.8315908894134714,unaware,0.5,2
0,100,10,4e-05,-2.346545786757287,ours,0.5,2
0,100,10,0.0,-2.1073456781967934,random,0.5,3
0,100,10,0.36167,1.4717110829927273,full,0.5,3
0,100,10,0.25245,1.6423996296109848,unaware,0.5,3
0,100,10,0.18548,0.9190193159021882,ours,0.5,3
0,100,10,0.0,-1.9368232294599856,random,0.5,4
0,100,10,0.34642,1.6517823179788,full,0.5,4
0,100,10,0.24474,1.7810101148951396,unaware,0.5,4
0,100,10,0.26226,1.388392941972856,ours,0.5,4
0,100,10,0.0,-1.958416656418257,random,0.5,5
0,100,10,0.28784,1.704995329000377,full,0.5,5
0,100,10,0.25439,1.7702527671403572,unaware,0.5,5
0,100,10,0.11187,1.3160527024376887,ours,0.5,5
0,100,10,0.0,-2.14232417210391,random,0.5,6
0,100,10,0.3827,1.3015245675140727,full,0.5,6
0,100,10,0.19512000000000002,1.2893113025070193,unaware,0.5,6
0,100,10,0.18934,0.6918516252013229,ours,0.5,6
0,100,10,0.0,-2.077835788932771,random,0.5,7
0,100,10,0.22669,1.686214874623782,full,0.5,7
0,100,10,0.28786999999999996,1.477106910853892,unaware,0.5,7
0,100,10,0.054369999999999995,1.189908058320802,ours,0.5,7
0,100,10,0.0,-2.029775778475308,random,0.5,8
0,100,10,0.22490000000000002,0.6646036385096038,full,0.5,8
0,100,10,0.17961,1.3608078814725704,unaware,0.5,8
0,100,10,0.0,-0.08804134826565457,ours,0.5,8
0,100,10,0.0,-2.0753383469681617,random,0.5,9
0,100,10,0.30115000000000003,1.4253550469343657,full,0.5,9
0,100,10,0.17139000000000001,1.2807173447043714,unaware,0.5,9
0,100,10,0.17639,0.9357410374340345,ours,0.5,9
0,100,10,0.0,-2.0180508348952984,random,0.5,10
0,100,10,0.22843999999999998,1.7111657970297034,full,0.5,10
0,100,10,0.20573000000000002,1.505913338700327,unaware,0.5,10
0,100,10,0.12145000000000002,1.3000544544573909,ours,0.5,10
0,100,10,0.0,-2.001171361181813,random,0.5,11
0,100,10,0.27126,1.5617456609959448,full,0.5,11
0,100,10,0.2122,1.5239857632720566,unaware,0.5,11
0,100,10,0.16915,1.0129313675579574,ours,0.5,11
0,100,10,0.0,-2.0912844471133987,random,0.5,12
0,100,10,0.2447,1.5754650731124737,full,0.5,12
0,100,10,0.26025,1.6682401226109018,unaware,0.5,12
0,100,10,0.15605,0.8404817384347701,ours,0.5,12
0,100,10,0.0,-2.0441140179659985,random,0.5,13
0,100,10,0.23289999999999997,1.5716460623408148,full,0.5,13
0,100,10,0.21922999999999998,1.4880715598748364,unaware,0.5,13
0,100,10,0.20779,0.5341756208974459,ours,0.5,13
0,100,10,0.0,-2.034464756091536,random,0.5,14
0,100,10,0.27654,1.4221403149530867,full,0.5,14
0,100,10,0.20840999999999998,1.4808736632605726,unaware,0.5,14
0,100,10,0.09203,1.3584682507435089,ours,0.5,14
0,100,10,0.0,-1.988812875682004,random,0.5,15
0,100,10,0.3460599999999999,1.5572300392744736,full,0.5,15
0,100,10,0.24098999999999995,1.7004391514147843,unaware,0.5,15
0,100,10,0.16063999999999998,1.2614310626166338,ours,0.5,15
0,100,10,0.0,-1.9438413903762388,random,0.5,16
0,100,10,0.18725,1.4355126517778651,full,0.5,16
0,100,10,0.25892,1.8176288501078997,unaware,0.5,16
0,100,10,0.13586,1.4106687449028872,ours,0.5,16
0,100,10,0.0,-2.0247733965967525,random,0.5,17
0,100,10,0.238,1.1998155184677988,full,0.5,17
0,100,10,0.26098,1.6728743726085638,unaware,0.5,17
0,100,10,0.18627000000000002,0.7730406470163602,ours,0.5,17
0,100,10,0.0,-2.089148170470788,random,0.5,18
0,100,10,0.18796,1.6141479562557577,full,0.5,18
0,100,10,0.1864,1.369126963823883,unaware,0.5,18
0,100,10,0.17265999999999998,0.7052878592882574,ours,0.5,18
0,100,10,0.0,-2.013457119674992,random,0.5,19
0,100,10,0.27531000000000005,1.5893266233701662,full,0.5,19
0,100,10,0.23186000000000004,1.6393193436064233,unaware,0.5,19
0,100,10,0.25865,0.8169574801625916,ours,0.5,19
0,100,10,0.0,-2.0445438348398137,random,0.5,20
0,100,10,0.23836999999999997,1.5461948435029989,full,0.5,20
0,100,10,0.29621000000000003,1.5141338552554997,unaware,0.5,20
0,100,10,0.00341,-2.3360053351052215,ours,0.5,20
0,100,10,0.0,-1.9913031946810864,random,0.5,21
0,100,10,0.49106999999999995,1.5077807329923312,full,0.5,21
0,100,10,0.21283000000000002,1.4955460603152806,unaware,0.5,21
0,100,10,0.14756,1.1306139635741144,ours,0.5,21
0,100,10,0.0,-2.0086351929763424,random,0.5,22
0,100,10,0.26566000000000006,1.745358584408685,full,0.5,22
0,100,10,0.22675,1.6690427435359059,unaware,0.5,22
0,100,10,0.20452999999999996,0.15487722390967598,ours,0.5,22
0,100,10,0.0,-2.0416794785403214,random,0.5,23
0,100,10,0.3548,1.3939356107495813,full,0.5,23
0,100,10,0.20365000000000003,1.4717173667597274,unaware,0.5,23
0,100,10,0.24398999999999998,0.5988744145065465,ours,0.5,23
0,100,10,0.0,-2.1106859356273198,random,0.5,24
0,100,10,0.21305000000000002,1.667581656299813,full,0.5,24
0,100,10,0.17950000000000002,1.283079572144207,unaware,0.5,24
0,100,10,0.09330000000000001,1.2800703758224357,ours,0.5,24
0,100,10,0.0,-2.0599570080935545,random,0.5,25
0,100,10,0.19277000000000002,1.2502407709587018,full,0.5,25
0,100,10,0.23756,1.5804294842247757,unaware,0.5,25
0,100,10,0.23982,0.7630656080240779,ours,0.5,25
0,100,10,0.0,-2.045280849959163,random,0.5,26
0,100,10,0.21769,1.4128484682955542,full,0.5,26
0,100,10,0.2264,1.5742590904263756,unaware,0.5,26
0,100,10,0.24504,0.48924428729516933,ours,0.5,26
0,100,10,0.0,-2.0786943877296156,random,0.5,27
0,100,10,0.5055499999999999,1.4364665149431033,full,0.5,27
0,100,10,0.25928,1.6471858326737532,unaware,0.5,27
0,100,10,0.24004999999999996,0.22539510699676604,ours,0.5,27
0,100,10,0.0,-1.957783013183914,random,0.5,28
0,100,10,0.40113000000000004,1.5799248565525772,full,0.5,28
0,100,10,0.26219000000000003,1.8003131774515158,unaware,0.5,28
0,100,10,0.16532000000000002,1.211944922030745,ours,0.5,28
0,100,10,0.0,-2.0152979291434168,random,0.5,29
0,100,10,0.27157000000000003,1.4972741954804474,full,0.5,29
0,100,10,0.24811,1.5423557058073318,unaware,0.5,29
0,100,10,0.20471,0.4733285988811448,ours,0.5,29
0,100,10,0.0,-2.0775704839561215,random,0.5,30
0,100,10,0.29141999999999996,1.6159211583071218,full,0.5,30
0,100,10,0.25504,1.0898650711830646,unaware,0.5,30
0,100,10,0.23163,0.6538228801337153,ours,0.5,30
0,100,10,0.0,-2.012335936526076,random,0.5,31
0,100,10,0.28137,1.679201339501579,full,0.5,31
0,100,10,0.25775000000000003,1.7666436566277808,unaware,0.5,31
0,100,10,0.19796,0.7722430981578126,ours,0.5,31
0,100,10,0.0,-2.058974836177655,random,0.5,32
0,100,10,0.40056,1.500903074813376,full,0.5,32
0,100,10,0.18968000000000002,1.3800182453038914,unaware,0.5,32
0,100,10,0.10573999999999999,0.9575800892159138,ours,0.5,32
0,100,10,0.0,-2.071005312928414,random,0.5,33
0,100,10,0.24283000000000002,1.6462920628875224,full,0.5,33
0,100,10,0.25651,1.6414186202486096,unaware,0.5,33
0,100,10,0.10841,1.3458499276211424,ours,0.5,33
0,100,10,0.0,-2.129258069039211,random,0.5,34
0,100,10,0.14139,1.5583544132901315,full,0.5,34
0,100,10,0.23199999999999998,1.503474780195572,unaware,0.5,34
0,100,10,0.17022,1.077410503750011,ours,0.5,34
0,100,10,0.0,-2.0473543667036296,random,0.5,35
0,100,10,0.33759,1.5522297692971898,full,0.5,35
0,100,10,0.24653,1.6660084311500314,unaware,0.5,35
0,100,10,0.16260999999999998,1.0198080633236803,ours,0.5,35
0,100,10,0.0,-2.030370042399557,random,0.5,36
0,100,10,0.26903,1.4502299442746704,full,0.5,36
0,100,10,0.19775,1.4380916169230669,unaware,0.5,36
0,100,10,0.13852000000000003,1.1176971256395327,ours,0.5,36
0,100,10,0.0,-2.0615403104889927,random,0.5,37
0,100,10,0.21462999999999996,1.5259910218649324,full,0.5,37
0,100,10,0.23047000000000004,1.3995984797867436,unaware,0.5,37
0,100,10,0.18070000000000003,1.0458609615176797,ours,0.5,37
0,100,10,0.0,-2.069488288886788,random,0.5,38
0,100,10,0.26086000000000004,1.706580021377033,full,0.5,38
0,100,10,0.22684,1.6163807233488492,unaware,0.5,38
0,100,10,0.17217,0.8183216601123333,ours,0.5,38
0,100,10,0.0,-2.071333517071401,random,0.5,39
0,100,10,0.23491,0.9900417224705865,full,0.5,39
0,100,10,0.22724000000000003,1.5958197676013308,unaware,0.5,39
0,100,10,0.24474,0.32632685773927184,ours,0.5,39
0,100,10,0.0,-2.041244147332647,random,0.5,40
0,100,10,0.16863999999999998,1.5829793873184834,full,0.5,40
0,100,10,0.30561,1.4599418907101211,unaware,0.5,40
0,100,10,0.18233,1.0255110455325331,ours,0.5,40
0,100,10,0.0,-2.032893592002019,random,0.5,41
0,100,10,0.37912999999999997,1.461558930082453,full,0.5,41
0,100,10,0.23867,1.665775867532647,unaware,0.5,41
0,100,10,0.13896000000000003,1.0757820395917834,ours,0.5,41
0,100,10,0.0,-2.072692925526087,random,0.5,42
0,100,10,0.3121400000000001,1.6552179473617212,full,0.5,42
0,100,10,0.24745999999999996,1.6459036721988909,unaware,0.5,42
0,100,10,0.17002,0.8730453075222276,ours,0.5,42
0,100,10,0.0,-2.0878232383997157,random,0.5,43
0,100,10,0.58443,0.7367043527874472,full,0.5,43
0,100,10,0.1303,0.9371294604576801,unaware,0.5,43
0,100,10,0.18392,0.924918603988093,ours,0.5,43
0,100,10,0.0,-2.08520924389605,random,0.5,44
0,100,10,0.16301000000000002,1.6483262057202324,full,0.5,44
0,100,10,0.22394000000000003,1.3850486418462415,unaware,0.5,44
0,100,10,0.18805,0.6164072194698557,ours,0.5,44
0,100,10,0.0,-2.0189207438658223,random,0.5,45
0,100,10,0.31296999999999997,1.026799781171687,full,0.5,45
0,100,10,0.25997,1.7030942594666696,unaware,0.5,45
0,100,10,0.19766,0.43105582768437795,ours,0.5,45
0,100,10,0.0,-2.029455752732262,random,0.5,46
0,100,10,0.40553999999999996,1.6054262400319161,full,0.5,46
0,100,10,0.23843,1.6749329658875207,unaware,0.5,46
0,100,10,0.29025999999999996,0.5540618558517147,ours,0.5,46
0,100,10,0.0,-2.115930784577022,random,0.5,47
0,100,10,0.60399,1.1423797601313999,full,0.5,47
0,100,10,0.17931,1.249808437209345,unaware,0.5,47
0,100,10,0.23867,0.7649859618099364,ours,0.5,47
0,100,10,0.0,-2.071233415178197,random,0.5,48
0,100,10,0.52851,1.034608022969287,full,0.5,48
0,100,10,0.20329999999999998,1.4574694334874903,unaware,0.5,48
0,100,10,0.24112,0.5688275494230594,ours,0.5,48
0,100,10,0.0,-2.057955712620185,random,0.5,49
0,100,10,0.3155,1.529216344341542,full,0.5,49
0,100,10,0.24101,1.6618660822875444,unaware,0.5,49
0,100,10,0.17883999999999997,-3.900075745542865,ours,0.5,49
0,100,10,0.0,-2.0223197986478363,random,0.5,50
0,100,10,0.17848999999999998,1.622383690482527,full,0.5,50
0,100,10,0.22538999999999998,1.5536640343272934,unaware,0.5,50
0,100,10,0.0,-2.3690156192496694,ours,0.5,50
0,100,10,0.0,-0.7257628854671415,random,1.0,1
0,100,10,0.7162299999999999,4.1485724021210455,full,1.0,1
0,100,10,0.23614000000000002,3.654008832049133,unaware,1.0,1
0,100,10,0.01893,2.644052124771984,ours,1.0,1
0,100,10,0.0,-0.6377256411933895,random,1.0,2
0,100,10,0.67641,4.30513029554498,full,1.0,2
0,100,10,0.30438,4.032803040003629,unaware,1.0,2
0,100,10,0.007389999999999999,-1.1550475954305037,ours,1.0,2
0,100,10,0.0,-0.814584590691007,random,1.0,3
0,100,10,0.52452,4.237257508627026,full,1.0,3
0,100,10,0.42203999999999997,4.178149957447843,unaware,1.0,3
0,100,10,0.07109,3.0543226145927034,ours,1.0,3
0,100,10,0.0,-0.6224116369521926,random,1.0,4
0,100,10,0.48124,4.426393263507479,full,1.0,4
0,100,10,0.42286,4.386031473001043,unaware,1.0,4
0,100,10,0.13430000000000003,3.8977385960194932,ours,1.0,4
0,100,10,0.0,-0.6572637670467862,random,1.0,5
0,100,10,0.48108000000000006,4.312942074364152,full,1.0,5
0,100,10,0.42128999999999994,4.303878963315561,unaware,1.0,5
0,100,10,0.09355,3.1506754916764605,ours,1.0,5
0,100,10,0.0,-0.9005136712283007,random,1.0,6
0,100,10,0.6089600000000001,3.9625564289463426,full,1.0,6
0,100,10,0.46572,4.088574357867359,unaware,1.0,6
0,100,10,0.10574000000000001,-2.197099415164022,ours,1.0,6
0,100,10,0.0,-0.7982986329219911,random,1.0,7
0,100,10,0.46451999999999993,4.272953841981057,full,1.0,7
0,100,10,0.4550199999999999,4.249885789558228,unaware,1.0,7
0,100,10,0.09974000000000001,3.0031892866657737,ours,1.0,7
0,100,10,0.0,-0.7367505882242817,random,1.0,8
0,100,10,0.62373,4.256467629377748,full,1.0,8
0,100,10,0.39315999999999995,4.173891127481719,unaware,1.0,8
0,100,10,0.0,2.2609954783415636,ours,1.0,8
0,100,10,0.0,-0.792604992178194,random,1.0,9
0,100,10,0.5761499999999999,4.216508893787248,full,1.0,9
0,100,10,0.30938,3.876421114485823,unaware,1.0,9
0,100,10,0.11927000000000001,2.7856494182130946,ours,1.0,9
0,100,10,0.0,-0.7738431513286183,random,1.0,10
0,100,10,0.44877,4.2521617840427215,full,1.0,10
0,100,10,0.39399999999999996,4.087602063822317,unaware,1.0,10
0,100,10,0.05353000000000001,3.1497172186735782,ours,1.0,10
0,100,10,0.0,-0.7176934649497068,random,1.0,11
0,100,10,0.50612,4.298070016975544,full,1.0,11
0,100,10,0.34141,4.022735747075109,unaware,1.0,11
0,100,10,0.13967999999999997,2.233302082682593,ours,1.0,11
0,100,10,0.0,-0.8322513589189345,random,1.0,12
0,100,10,0.5504100000000001,3.9592833399726968,full,1.0,12
0,100,10,0.41052999999999995,4.103399864468459,unaware,1.0,12
0,100,10,0.09906999999999999,2.937030611431044,ours,1.0,12
0,100,10,0.0,-0.7388491074244563,random,1.0,13
0,100,10,0.35347000000000006,3.8356969090536603,full,1.0,13
0,100,10,0.40582,3.7125676586848773,unaware,1.0,13
0,100,10,0.10830999999999999,3.013197255433054,ours,1.0,13
0,100,10,0.0,-0.787898475057232,random,1.0,14
0,100,10,0.52596,4.170409135465781,full,1.0,14
0,100,10,0.37762,4.02240671201359,unaware,1.0,14
0,100,10,0.22497000000000003,0.8134155481369943,ours,1.0,14
0,100,10,0.0,-0.7257540819598882,random,1.0,15
0,100,10,0.59772,4.210914655171523,full,1.0,15
0,100,10,0.42698,4.202140772779557,unaware,1.0,15
0,100,10,0.12517,3.024499266651992,ours,1.0,15
0,100,10,0.0,-0.5942484588211456,random,1.0,16
0,100,10,0.26600999999999997,4.282079154887731,full,1.0,16
0,100,10,0.41033,4.394911679175969,unaware,1.0,16
0,100,10,0.17831999999999998,-3.2434254958974535,ours,1.0,16
0,100,10,0.0,-0.7476540195403938,random,1.0,17
0,100,10,0.72414,4.057452374874701,full,1.0,17
0,100,10,0.37679,4.080743864973845,unaware,1.0,17
0,100,10,0.14003,2.6195109972065094,ours,1.0,17
0,100,10,0.0,-0.8076558285220142,random,1.0,18
0,100,10,0.33832,4.188586206990031,full,1.0,18
0,100,10,0.40964999999999996,4.151583142106366,unaware,1.0,18
0,100,10,0.05939,3.021266535701676,ours,1.0,18
0,100,10,0.0,-0.7315414376320338,random,1.0,19
0,100,10,0.36166,4.276395628840496,full,1.0,19
0,100,10,0.38980000000000004,4.154562935400012,unaware,1.0,19
0,100,10,0.17418,2.5436130730878546,ours,1.0,19
0,100,10,0.0,-0.7576106574298019,random,1.0,20
0,100,10,0.42163000000000006,4.3111665686762,full,1.0,20
0,100,10,0.37034,4.114962498583312,unaware,1.0,20
0,100,10,0.22025999999999998,-1.2893137675043356,ours,1.0,20
0,100,10,0.0,-0.7034481489919568,random,1.0,21
0,100,10,0.66284,4.162077926468921,full,1.0,21
0,100,10,0.26946,3.7742961024084662,unaware,1.0,21
0,100,10,0.0,2.258775785644011,ours,1.0,21
0,100,10,0.0,-0.7171884669702057,random,1.0,22
0,100,10,0.7106399999999999,4.203896841484877,full,1.0,22
0,100,10,0.38744,4.214112754813395,unaware,1.0,22
0,100,10,0.07769999999999999,3.3375875226968805,ours,1.0,22
0,100,10,0.0,-0.7731255292196733,random,1.0,23
0,100,10,0.49058999999999997,4.170275838621494,full,1.0,23
0,100,10,0.3341,3.9329414400861085,unaware,1.0,23
0,100,10,0.23298000000000002,2.22533487663682,ours,1.0,23
0,100,10,0.0,-0.8608657002681528,random,1.0,24
0,100,10,0.5410200000000001,4.194013116999232,full,1.0,24
0,100,10,0.4002800000000001,4.063558332020197,unaware,1.0,24
0,100,10,0.055709999999999996,3.1778312659601724,ours,1.0,24
0,100,10,0.0,-0.8252030685308953,random,1.0,25
0,100,10,0.27449,3.9139723228336014,full,1.0,25
0,100,10,0.36556,3.894303596776885,unaware,1.0,25
0,100,10,0.20214,2.2351472217859216,ours,1.0,25
0,100,10,0.0,-0.7680708440030565,random,1.0,26
0,100,10,0.56033,4.292828268796744,full,1.0,26
0,100,10,0.33065,3.9715829104942073,unaware,1.0,26
0,100,10,0.12596,2.955809938934701,ours,1.0,26
0,100,10,0.0,-0.8127183951121744,random,1.0,27
0,100,10,0.6209999999999999,4.172676067551317,full,1.0,27
0,100,10,0.3201,3.8700260384808716,unaware,1.0,27
0,100,10,0.13252999999999998,2.897899202608627,ours,1.0,27
0,100,10,0.0,-0.6431381208356923,random,1.0,28
0,100,10,0.5690700000000001,4.3372461977897085,full,1.0,28
0,100,10,0.38634999999999997,4.2884036462170165,unaware,1.0,28
0,100,10,0.14689000000000002,3.291953321747055,ours,1.0,28
0,100,10,0.0,-0.7174204291985977,random,1.0,29
0,100,10,0.48186999999999997,4.144759734879684,full,1.0,29
0,100,10,0.43504999999999994,4.271099755616855,unaware,1.0,29
0,100,10,0.05047,2.9833565491197915,ours,1.0,29
0,100,10,0.0,-0.8106867513306583,random,1.0,30
0,100,10,0.50948,4.201327793446652,full,1.0,30
0,100,10,0.4360100000000001,4.151201538478103,unaware,1.0,30
0,100,10,0.07134,3.209329980954606,ours,1.0,30
0,100,10,0.0,-0.7574184104283286,random,1.0,31
0,100,10,0.47803000000000007,4.243406246536742,full,1.0,31
0,100,10,0.41384,4.206975370472958,unaware,1.0,31
0,100,10,0.15448,3.2363605780474503,ours,1.0,31
0,100,10,0.0,-0.7853635070700514,random,1.0,32
0,100,10,0.6515500000000001,4.07824164086862,full,1.0,32
0,100,10,0.34550000000000003,3.9615039468255677,unaware,1.0,32
0,100,10,0.06736,2.910024052112572,ours,1.0,32
0,100,10,0.0,-0.8357214172003169,random,1.0,33
0,100,10,0.47353999999999996,4.135681197885788,full,1.0,33
0,100,10,0.39672999999999997,3.9886985566718733,unaware,1.0,33
0,100,10,0.06676,3.0171902083344277,ours,1.0,33
0,100,10,0.0,-0.8645760911603226,random,1.0,34
0,100,10,0.44599,4.140504686943275,full,1.0,34
0,100,10,0.40514,4.000439591618943,unaware,1.0,34
0,100,10,0.10717000000000002,2.725609446333866,ours,1.0,34
0,100,10,0.0,-0.7963476260324065,random,1.0,35
0,100,10,0.69842,4.020592047932754,full,1.0,35
0,100,10,0.42535,4.169055372320907,unaware,1.0,35
0,100,10,0.11505000000000001,3.2922336863968633,ours,1.0,35
0,100,10,0.0,-0.7575576205201793,random,1.0,36
0,100,10,0.6940799999999999,3.988068087275398,full,1.0,36
0,100,10,0.39289999999999997,4.1019591793128365,unaware,1.0,36
0,100,10,0.13002,2.7883447703654456,ours,1.0,36
0,100,10,0.0,-0.7792512176632169,random,1.0,37
0,100,10,0.47401,4.294313168826702,full,1.0,37
0,100,10,0.40736999999999995,4.163057899454791,unaware,1.0,37
0,100,10,0.18567,2.0720953006484395,ours,1.0,37
0,100,10,0.0,-0.7739625535278412,random,1.0,38
0,100,10,0.59382,4.2254115407148225,full,1.0,38
0,100,10,0.25769,3.7064849055289466,unaware,1.0,38
0,100,10,0.0054,2.0836548086571165,ours,1.0,38
0,100,10,0.0,-0.808000216305782,random,1.0,39
0,100,10,0.45386,4.161056753113704,full,1.0,39
0,100,10,0.34162,3.94192468811867,unaware,1.0,39
0,100,10,0.17983,2.472454175088102,ours,1.0,39
0,100,10,0.0,-0.7807126570894827,random,1.0,40
0,100,10,0.62814,4.108362419360634,full,1.0,40
0,100,10,0.4383,4.170112252287623,unaware,1.0,40
0,100,10,0.18519000000000002,2.583439493839789,ours,1.0,40
0,100,10,0.0,-0.7463089218472243,random,1.0,41
0,100,10,0.59691,4.241487373719177,full,1.0,41
0,100,10,0.38411999999999996,4.157112820961033,unaware,1.0,41
0,100,10,0.0591,3.210503099343419,ours,1.0,41
0,100,10,0.0,-0.7959428529784853,random,1.0,42
0,100,10,0.37078,4.191804272340924,full,1.0,42
0,100,10,0.48057,4.259700080240418,unaware,1.0,42
0,100,10,0.06973,2.179317493139035,ours,1.0,42
0,100,10,0.0,-0.8273243669496975,random,1.0,43
0,100,10,0.6947,4.039381845763745,full,1.0,43
0,100,10,0.37458,3.9800702630708167,unaware,1.0,43
0,100,10,0.09505,3.004119895675865,ours,1.0,43
0,100,10,0.0,-0.8400213465991802,random,1.0,44
0,100,10,0.37023,4.16028910063826,full,1.0,44
0,100,10,0.33324000000000004,3.8473847781351616,unaware,1.0,44
0,100,10,0.10105,3.12501255690566,ours,1.0,44
0,100,10,0.0,-0.7427144137541491,random,1.0,45
0,100,10,0.51195,4.08820076762183,full,1.0,45
0,100,10,0.48589000000000004,4.2581021036802085,unaware,1.0,45
0,100,10,0.0,-1.187745282180708,ours,1.0,45
0,100,10,0.0,-0.7321527778258723,random,1.0,46
0,100,10,0.174,3.266079980778936,full,1.0,46
0,100,10,0.41197,4.229128443692394,unaware,1.0,46
0,100,10,0.16654,3.1457488906532434,ours,1.0,46
0,100,10,0.0,-0.8757801190906266,random,1.0,47
0,100,10,0.8086900000000001,3.7760736823164236,full,1.0,47
0,100,10,0.32769,3.7785442802339912,unaware,1.0,47
0,100,10,0.10146,2.699501924704215,ours,1.0,47
0,100,10,0.0,-0.8364387000250916,random,1.0,48
0,100,10,0.56373,4.0751366194619525,full,1.0,48
0,100,10,0.35991,3.9304151182013234,unaware,1.0,48
0,100,10,0.08073,3.1457428155047102,ours,1.0,48
0,100,10,0.0,-0.7755000565034559,random,1.0,49
0,100,10,0.6207800000000001,4.236834384115016,full,1.0,49
0,100,10,0.38625999999999994,4.116331799101353,unaware,1.0,49
0,100,10,0.09614,3.4409709734758014,ours,1.0,49
0,100,10,0.0,-0.7618414111919279,random,1.0,50
0,100,10,0.38436,4.243988632167767,full,1.0,50
0,100,10,0.38137,4.08195478142988,unaware,1.0,50
0,100,10,0.06714,3.3879729289540923,ours,1.0,50
0,100,10,0.0,1.674040503249401,random,1.5,1
0,100,10,0.74473,9.646849531220028,full,1.5,1
0,100,10,0.51262,9.522653041938977,unaware,1.5,1
0,100,10,0.0,7.1973338567674014,ours,1.5,1
0,100,10,0.0,1.7542006412077005,random,1.5,2
0,100,10,0.77025,9.700919581342385,full,1.5,2
0,100,10,0.5753,9.703856306444672,unaware,1.5,2
0,100,10,0.004710000000000001,7.3517275370719855,ours,1.5,2
0,100,10,0.0,1.5689965457038935,random,1.5,3
0,100,10,0.7329100000000001,9.546116243390099,full,1.5,3
0,100,10,0.50332,9.160146494209982,unaware,1.5,3
0,100,10,0.020329999999999997,7.091133436031471,ours,1.5,3
0,100,10,0.0,1.801871496849545,random,1.5,4
0,100,10,0.7541599999999999,9.791215351006734,full,1.5,4
0,100,10,0.5589500000000001,9.756570388453898,unaware,1.5,4
0,100,10,0.03533,7.761285751497978,ours,1.5,4
0,100,10,0.0,1.7458798464338674,random,1.5,5
0,100,10,0.63103,9.645241441490754,full,1.5,5
0,100,10,0.54952,9.603969470397463,unaware,1.5,5
0,100,10,0.025280000000000004,7.18581564157294,ours,1.5,5
0,100,10,0.0,1.4143017861614755,random,1.5,6
0,100,10,0.71132,9.237290278575154,full,1.5,6
0,100,10,0.48165,8.952707439075331,unaware,1.5,6
0,100,10,0.02891,7.087403794682885,ours,1.5,6
0,100,10,0.0,1.5717981341750178,random,1.5,7
0,100,10,0.6043800000000001,9.556334634450296,full,1.5,7
0,100,10,0.5582900000000001,9.493012059161103,unaware,1.5,7
0,100,10,0.04228,7.3754641404583845,ours,1.5,7
0,100,10,0.0,1.6504201891664718,random,1.5,8
0,100,10,0.7212,9.606898694202576,full,1.5,8
0,100,10,0.5674,9.590935252362755,unaware,1.5,8
0,100,10,0.027919999999999993,7.603777584934901,ours,1.5,8
0,100,10,0.0,1.584503873622066,random,1.5,9
0,100,10,0.7585200000000001,9.582968311915952,full,1.5,9
0,100,10,0.48525,9.392620378939386,unaware,1.5,9
0,100,10,0.007150000000000001,7.306059645736015,ours,1.5,9
0,100,10,0.0,1.548077527039443,random,1.5,10
0,100,10,0.55709,9.393043404108655,full,1.5,10
0,100,10,0.55986,9.36637329367988,unaware,1.5,10
0,100,10,0.01447,7.192578171411734,ours,1.5,10
0,100,10,0.0,1.66008516423391,random,1.5,11
0,100,10,0.7144499999999999,9.601209914304583,full,1.5,11
0,100,10,0.50329,9.421490464263343,unaware,1.5,11
0,100,10,0.02768,7.412618341250744,ours,1.5,11
0,100,10,0.0,1.5049152022462942,random,1.5,12
0,100,10,0.71424,9.41724708925571,full,1.5,12
0,100,10,0.56228,9.372073855040219,unaware,1.5,12
0,100,10,0.06422000000000001,6.907279699605669,ours,1.5,12
0,100,10,0.0,1.6707323827055185,random,1.5,13
0,100,10,0.56024,9.624976294703458,full,1.5,13
0,100,10,0.5440400000000001,9.573919249565577,unaware,1.5,13
0,100,10,0.05303,7.427367734987618,ours,1.5,13
0,100,10,0.0,1.5355693399373058,random,1.5,14
0,100,10,0.71478,9.408660382868872,full,1.5,14
0,100,10,0.49202,9.227896752810025,unaware,1.5,14
0,100,10,0.00077,6.907711853439713,ours,1.5,14
0,100,10,0.0,1.625370390300511,random,1.5,15
0,100,10,0.8165000000000001,9.404443276261901,full,1.5,15
0,100,10,0.5669599999999999,9.434538552624005,unaware,1.5,15
0,100,10,0.04845,7.317920068960899,ours,1.5,15
0,100,10,0.0,1.875121620330723,random,1.5,16
0,100,10,0.5136900000000001,9.852480144024897,full,1.5,16
0,100,10,0.5043300000000001,9.783950216482847,unaware,1.5,16
0,100,10,0.047779999999999996,7.847176677923613,ours,1.5,16
0,100,10,0.0,1.6218862796863731,random,1.5,17
0,100,10,0.7084000000000001,9.50942500897545,full,1.5,17
0,100,10,0.43802,9.202983828177171,unaware,1.5,17
0,100,10,0.08995,6.433436409599268,ours,1.5,17
0,100,10,0.0,1.5652377569164133,random,1.5,18
0,100,10,0.6422599999999999,9.472398696106152,full,1.5,18
0,100,10,0.56694,9.472923417625621,unaware,1.5,18
0,100,10,0.037059999999999996,7.316197177103112,ours,1.5,18
0,100,10,0.0,1.6451843700596442,random,1.5,19
0,100,10,0.5655300000000001,9.530316771127879,full,1.5,19
0,100,10,0.45752999999999994,9.33867776038862,unaware,1.5,19
0,100,10,0.04658,7.310316142241881,ours,1.5,19
0,100,10,0.0,1.6222526086279387,random,1.5,20
0,100,10,0.59989,9.575667032450676,full,1.5,20
0,100,10,0.51295,9.473205054643373,unaware,1.5,20
0,100,10,0.038400000000000004,7.354634688114832,ours,1.5,20
0,100,10,0.0,1.6844264044807562,random,1.5,21
0,100,10,0.76978,9.584702064538082,full,1.5,21
0,100,10,0.53694,9.525328229648323,unaware,1.5,21
0,100,10,0.012940000000000002,7.341975650173813,ours,1.5,21
0,100,10,0.0,1.667292237507529,random,1.5,22
0,100,10,0.75586,9.61751605398933,full,1.5,22
0,100,10,0.55961,9.633822610585618,unaware,1.5,22
0,100,10,0.046150000000000004,7.458227337328232,ours,1.5,22
0,100,10,0.0,1.5807798621143867,random,1.5,23
0,100,10,0.6909000000000001,9.52460353777559,full,1.5,23
0,100,10,0.44392,9.20403700647769,unaware,1.5,23
0,100,10,0.030529999999999995,7.301184195617703,ours,1.5,23
0,100,10,0.0,1.4642745935656905,random,1.5,24
0,100,10,0.7415,9.376477743042502,full,1.5,24
0,100,10,0.25663,8.43513934781672,unaware,1.5,24
0,100,10,0.009949999999999999,7.067809331239053,ours,1.5,24
0,100,10,0.0,1.4815823587688355,random,1.5,25
0,100,10,0.7419499999999999,9.221008532454865,full,1.5,25
0,100,10,0.38638999999999996,8.798283350688788,unaware,1.5,25
0,100,10,0.04801000000000001,6.867098712519146,ours,1.5,25
0,100,10,0.0,1.5975287551894608,random,1.5,26
0,100,10,0.69511,9.605973544177576,full,1.5,26
0,100,10,0.45496,9.322158799715442,unaware,1.5,26
0,100,10,0.02395,7.129875176760426,ours,1.5,26
0,100,10,0.0,1.5383345604616736,random,1.5,27
0,100,10,0.6850799999999999,9.505863506922054,full,1.5,27
0,100,10,0.5622299999999999,9.442377390037084,unaware,1.5,27
0,100,10,0.06807999999999999,7.578424718855429,ours,1.5,27
0,100,10,0.0,1.779093342376401,random,1.5,28
0,100,10,0.69408,9.805373217874783,full,1.5,28
0,100,10,0.4758800000000001,9.598655619301473,unaware,1.5,28
0,100,10,0.06763,7.745249483618016,ours,1.5,28
0,100,10,0.0,1.6785099018138339,random,1.5,29
0,100,10,0.69941,9.623525069533734,full,1.5,29
0,100,10,0.50554,9.476425305132963,unaware,1.5,29
0,100,10,0.009569999999999999,7.283019897085974,ours,1.5,29
0,100,10,0.0,1.5430519030724186,random,1.5,30
0,100,10,0.6438699999999999,9.441319051589645,full,1.5,30
0,100,10,0.60077,9.424423572201954,unaware,1.5,30
0,100,10,0.02703,7.259358958634231,ours,1.5,30
0,100,10,0.0,1.5817714866501533,random,1.5,31
0,100,10,0.66479,9.481312221426286,full,1.5,31
0,100,10,0.6698500000000001,9.498358688195074,unaware,1.5,31
0,100,10,0.04591,7.4849541120550995,ours,1.5,31
0,100,10,0.0,1.5796412091160528,random,1.5,32
0,100,10,0.74104,9.500525372261698,full,1.5,32
0,100,10,0.54814,9.439421240456763,unaware,1.5,32
0,100,10,0.037369999999999994,7.369550623059337,ours,1.5,32
0,100,10,0.0,1.4750212976674244,random,1.5,33
0,100,10,0.7085999999999999,9.251834171804658,full,1.5,33
0,100,10,0.5383399999999999,9.173150689705116,unaware,1.5,33
0,100,10,0.04786000000000001,6.907888717227438,ours,1.5,33
0,100,10,0.0,1.4864746253824017,random,1.5,34
0,100,10,0.6921600000000001,9.344167808155674,full,1.5,34
0,100,10,0.4926799999999999,9.146059601565975,unaware,1.5,34
0,100,10,0.03974,7.301965416177698,ours,1.5,34
0,100,10,0.0,1.5301012267422829,random,1.5,35
0,100,10,0.74675,9.395783016796095,full,1.5,35
0,100,10,0.55593,9.374577312393379,unaware,1.5,35
0,100,10,0.05171,6.919191652238902,ours,1.5,35
0,100,10,0.0,1.6038443365374437,random,1.5,36
0,100,10,0.7793000000000001,9.494582195576212,full,1.5,36
0,100,10,0.5338499999999999,9.425289134315515,unaware,1.5,36
0,100,10,0.03583000000000001,7.111307062208738,ours,1.5,36
0,100,10,0.0,1.5936176328031726,random,1.5,37
0,100,10,0.62669,9.563178450014657,full,1.5,37
0,100,10,0.5056900000000001,9.404588641527962,unaware,1.5,37
0,100,10,0.04204000000000001,7.645606162408,ours,1.5,37
0,100,10,0.0,1.6226311996548506,random,1.5,38
0,100,10,0.74915,9.625734017492315,full,1.5,38
0,100,10,0.38147,9.136931132768026,unaware,1.5,38
0,100,10,0.00502,7.22728971890189,ours,1.5,38
0,100,10,0.0,1.539049803123286,random,1.5,39
0,100,10,0.5833,9.405949851395196,full,1.5,39
0,100,10,0.47731,9.262194627089956,unaware,1.5,39
0,100,10,0.08682999999999999,6.6483579059514275,ours,1.5,39
0,100,10,0.0,1.5631114164141335,random,1.5,40
0,100,10,0.80456,9.415039926403526,full,1.5,40
0,100,10,0.6119399999999999,9.470291931683043,unaware,1.5,40
0,100,10,0.09075999999999998,6.524801962119922,ours,1.5,40
0,100,10,0.0,1.6293222611039688,random,1.5,41
0,100,10,0.7841400000000001,9.566976220080733,full,1.5,41
0,100,10,0.50839,9.459296223512833,unaware,1.5,41
0,100,10,0.04633,7.4441346113463975,ours,1.5,41
0,100,10,0.0,1.5699283222322127,random,1.5,42
0,100,10,0.5409200000000001,9.34194142599249,full,1.5,42
0,100,10,0.61026,9.506432030584426,unaware,1.5,42
0,100,10,0.039490000000000004,7.39170221233584,ours,1.5,42
0,100,10,0.0,1.5129452706308035,random,1.5,43
0,100,10,0.89652,9.193799402474767,full,1.5,43
0,100,10,0.59816,9.407221156376401,unaware,1.5,43
0,100,10,0.07176,7.01850649252025,ours,1.5,43
0,100,10,0.0,1.4823511658860014,random,1.5,44
0,100,10,0.6948099999999999,9.353913023333856,full,1.5,44
0,100,10,0.4085,8.934698970443245,unaware,1.5,44
0,100,10,0.08302,7.119017607506466,ours,1.5,44
0,100,10,0.0,1.6228836208218456,random,1.5,45
0,100,10,0.72923,9.119680954784657,full,1.5,45
0,100,10,0.60119,9.516949315756847,unaware,1.5,45
0,100,10,0.0,7.053011459924474,ours,1.5,45
0,100,10,0.0,1.6613949536906767,random,1.5,46
0,100,10,0.63206,9.088139183418988,full,1.5,46
0,100,10,0.47558999999999996,9.412815011124886,unaware,1.5,46
0,100,10,0.07966000000000001,7.510389870792728,ours,1.5,46
0,100,10,0.0,1.4356366158775598,random,1.5,47
0,100,10,0.85193,9.149670327083836,full,1.5,47
0,100,10,0.5435700000000001,9.231677519625748,unaware,1.5,47
0,100,10,0.02437,6.8763402285819,ours,1.5,47
0,100,10,0.0,1.4732929349776467,random,1.5,48
0,100,10,0.6594300000000001,9.340795921425608,full,1.5,48
0,100,10,0.55479,9.253924066084817,unaware,1.5,48
0,100,10,0.08542999999999999,7.036410881717563,ours,1.5,48
0,100,10,0.0,1.5963291474132886,random,1.5,49
0,100,10,0.8185499999999999,9.503304460624244,full,1.5,49
0,100,10,0.49818999999999997,9.399280553645408,unaware,1.5,49
0,100,10,0.061930000000000006,7.498453372387306,ours,1.5,49
0,100,10,0.0,1.5831483891552685,random,1.5,50
0,100,10,0.5906,9.476481310740565,full,1.5,50
0,100,10,0.55976,9.448407822819263,unaware,1.5,50
0,100,10,0.05012,7.47913951511265,ours,1.5,50
0,100,10,0.0,5.6398613344720925,random,2.0,1
0,100,10,0.75756,18.82168124620791,full,2.0,1
0,100,10,0.71502,18.798501594868217,unaware,2.0,1
0,100,10,0.01543,15.713159144439912,ours,2.0,1
0,100,10,0.0,5.704943040113345,random,2.0,2
0,100,10,0.9522599999999999,18.536174604655407,full,2.0,2
0,100,10,0.6348499999999999,18.705658135661306,unaware,2.0,2
0,100,10,0.00033999999999999997,15.813269468514886,ours,2.0,2
0,100,10,0.0,5.5050590659033745,random,2.0,3
0,100,10,0.76511,18.668524424244318,full,2.0,3
0,100,10,0.63917,18.505085098672197,unaware,2.0,3
0,100,10,0.0,15.687567611197128,ours,2.0,3
0,100,10,0.0,5.805912188650674,random,2.0,4
0,100,10,0.8511200000000001,18.984299894298733,full,2.0,4
0,100,10,0.6765000000000001,18.970415329961224,unaware,2.0,4
0,100,10,0.017349999999999997,16.139923149015345,ours,2.0,4
0,100,10,0.0,5.717036601870074,random,2.0,5
0,100,10,0.7339300000000001,18.756702245244156,full,2.0,5
0,100,10,0.77981,18.746495562519506,unaware,2.0,5
0,100,10,0.0,15.767415958593423,ours,2.0,5
0,100,10,0.0,5.254132249873178,random,2.0,6
0,100,10,0.851,18.138455131865292,full,2.0,6
0,100,10,0.6741699999999999,18.10890912711877,unaware,2.0,6
0,100,10,0.01527,15.116229974477706,ours,2.0,6
0,100,10,0.0,5.493537762278154,random,2.0,7
0,100,10,0.9435100000000001,18.17390567887707,full,2.0,7
0,100,10,0.70394,18.640353120508305,unaware,2.0,7
0,100,10,0.00747,15.72374190855033,ours,2.0,7
0,100,10,0.0,5.594897756636417,random,2.0,8
0,100,10,0.8731899999999999,18.707810453187864,full,2.0,8
0,100,10,0.79362,18.705085726535486,unaware,2.0,8
0,100,10,0.00872,15.867579775327165,ours,2.0,8
0,100,10,0.0,5.519100389989806,random,2.0,9
0,100,10,0.81379,18.731395990259326,full,2.0,9
0,100,10,0.6345400000000001,18.629843437847704,unaware,2.0,9
0,100,10,0.01179,15.820756454280428,ours,2.0,9
0,100,10,0.0,5.401179895007139,random,2.0,10
0,100,10,0.67216,18.268549613677525,full,2.0,10
0,100,10,0.7020099999999999,18.359989657048963,unaware,2.0,10
0,100,10,0.0008699999999999999,15.381837603088544,ours,2.0,10
0,100,10,0.0,5.594099147699804,random,2.0,11
0,100,10,0.8073699999999999,18.662071864050873,full,2.0,11
0,100,10,0.72287,18.65554775242447,unaware,2.0,11
0,100,10,0.00338,15.728452000059862,ours,2.0,11
0,100,10,0.0,5.374905416466506,random,2.0,12
0,100,10,0.8279299999999999,18.404154915518372,full,2.0,12
0,100,10,0.68641,18.386302253745423,unaware,2.0,12
0,100,10,0.015610000000000002,15.246596070969066,ours,2.0,12
0,100,10,0.0,5.65229290556256,random,2.0,13
0,100,10,0.7610899999999999,18.83798950979346,full,2.0,13
0,100,10,0.76497,18.82533719793768,unaware,2.0,13
0,100,10,0.0002,15.8841263761645,ours,2.0,13
0,100,10,0.0,5.388999320234612,random,2.0,14
0,100,10,0.82986,18.35700049085991,full,2.0,14
0,100,10,0.6045200000000001,18.206473548904935,unaware,2.0,14
0,100,10,0.0031400000000000004,15.364482365073433,ours,2.0,14
0,100,10,0.0,5.523548221291984,random,2.0,15
0,100,10,0.88318,18.39039733538936,full,2.0,15
0,100,10,0.70234,18.448301566704693,unaware,2.0,15
0,100,10,0.01494,15.490523195783974,ours,2.0,15
0,100,10,0.0,5.940463034326097,random,2.0,16
0,100,10,0.65644,19.028902379791962,full,2.0,16
0,100,10,0.5631900000000001,19.054864671440896,unaware,2.0,16
0,100,10,0.019440000000000002,16.25929790957049,ours,2.0,16
0,100,10,0.0,5.544782071822106,random,2.0,17
0,100,10,0.74367,18.553946134734577,full,2.0,17
0,100,10,0.5762900000000001,18.34078268601,unaware,2.0,17
0,100,10,0.00197,15.579565294961792,ours,2.0,17
0,100,10,0.0,5.4903638167477045,random,2.0,18
0,100,10,0.7364499999999999,18.361890415293328,full,2.0,18
0,100,10,0.72837,18.57901071608267,unaware,2.0,18
0,100,10,0.00041000000000000005,15.58084886563821,ours,2.0,18
0,100,10,0.0,5.578856073635619,random,2.0,19
0,100,10,0.76093,18.74144201945144,full,2.0,19
0,100,10,0.72129,18.732384847129573,unaware,2.0,19
0,100,10,0.0014199999999999998,15.823790206254383,ours,2.0,19
0,100,10,0.0,5.557191556484159,random,2.0,20
0,100,10,0.74604,18.700108066605296,full,2.0,20
0,100,10,0.73246,18.701405611125836,unaware,2.0,20
0,100,10,0.0,15.703357662568862,ours,2.0,20
0,100,10,0.0,5.637722202000809,random,2.0,21
0,100,10,0.88724,18.64127098142174,full,2.0,21
0,100,10,0.63316,18.52828117116607,unaware,2.0,21
0,100,10,0.00895,15.700471513322043,ours,2.0,21
0,100,10,0.0,5.606626041596807,random,2.0,22
0,100,10,0.8620000000000001,18.619713076723567,full,2.0,22
0,100,10,0.7204200000000001,18.803479301049318,unaware,2.0,22
0,100,10,0.0089,15.746291787506099,ours,2.0,22
0,100,10,0.0,5.477945974006873,random,2.0,23
0,100,10,0.8128,18.566859445271188,full,2.0,23
0,100,10,0.70738,18.552493780850558,unaware,2.0,23
0,100,10,0.0092,15.581556874019757,ours,2.0,23
0,100,10,0.0,5.317324743838841,random,2.0,24
0,100,10,0.8742899999999999,18.289451449525675,full,2.0,24
0,100,10,0.60749,18.194819741668816,unaware,2.0,24
0,100,10,0.0036199999999999995,15.368523807224898,ours,2.0,24
0,100,10,0.0,5.311518498739499,random,2.0,25
0,100,10,0.67819,18.135231385331775,full,2.0,25
0,100,10,0.58094,17.962356634042763,unaware,2.0,25
0,100,10,0.0075000000000000015,15.128031107991085,ours,2.0,25
0,100,10,0.0,5.511220602582869,random,2.0,26
0,100,10,0.7926500000000001,18.710272504970277,full,2.0,26
0,100,10,0.60049,18.53828697837735,unaware,2.0,26
0,100,10,0.00224,15.752242677182712,ours,2.0,26
0,100,10,0.0,5.431971424223194,random,2.0,27
0,100,10,0.8144799999999999,18.53872029739931,full,2.0,27
0,100,10,0.71017,18.53246968839578,unaware,2.0,27
0,100,10,0.07918,15.53894061011084,ours,2.0,27
0,100,10,0.0,5.777906415356137,random,2.0,28
0,100,10,0.8339300000000002,19.015960464173265,full,2.0,28
0,100,10,0.61371,18.898596568387994,unaware,2.0,28
0,100,10,0.009659999999999998,16.11445087254181,ours,2.0,28
0,100,10,0.0,5.637068270488383,random,2.0,29
0,100,10,0.79003,18.777210691986404,full,2.0,29
0,100,10,0.66152,18.7063909012649,unaware,2.0,29
0,100,10,0.0,15.78849921755285,ours,2.0,29
0,100,10,0.0,5.4429705847037955,random,2.0,30
0,100,10,0.7811,18.46252879014339,full,2.0,30
0,100,10,0.71521,18.447989511661945,unaware,2.0,30
0,100,10,0.015099999999999997,15.467709701626935,ours,2.0,30
0,100,10,0.0,5.460314244444414,random,2.0,31
0,100,10,0.7603899999999999,18.448722154978338,full,2.0,31
0,100,10,0.7660199999999999,18.439311993899143,unaware,2.0,31
0,100,10,0.00166,15.435975061454226,ours,2.0,31
0,100,10,0.0,5.496874092143668,random,2.0,32
0,100,10,0.88673,18.309359913678197,full,2.0,32
0,100,10,0.59987,18.442960870230035,unaware,2.0,32
0,100,10,0.0050100000000000006,15.728117317696974,ours,2.0,32
0,100,10,0.0,5.313860007513343,random,2.0,33
0,100,10,0.77223,18.15353272096662,full,2.0,33
0,100,10,0.7216099999999999,18.14481758912936,unaware,2.0,33
0,100,10,0.03038,14.796139493744686,ours,2.0,33
0,100,10,0.0,5.38273323326273,random,2.0,34
0,100,10,0.79487,18.320682200217288,full,2.0,34
0,100,10,0.69817,18.26047046214972,unaware,2.0,34
0,100,10,0.008669999999999999,15.343587882664746,ours,2.0,34
0,100,10,0.0,5.385205348815393,random,2.0,35
0,100,10,0.79341,18.381691270218884,full,2.0,35
0,100,10,0.74809,18.383836466899584,unaware,2.0,35
0,100,10,0.031139999999999994,14.628789182220919,ours,2.0,35
0,100,10,0.0,5.513685497332367,random,2.0,36
0,100,10,0.87166,18.548599374892415,full,2.0,36
0,100,10,0.73051,18.59625419802744,unaware,2.0,36
0,100,10,0.00923,15.585427403303914,ours,2.0,36
0,100,10,0.0,5.517087648278497,random,2.0,37
0,100,10,0.8311,18.667379555665413,full,2.0,37
0,100,10,0.71635,18.67355203474771,unaware,2.0,37
0,100,10,0.01236,15.729203587237148,ours,2.0,37
0,100,10,0.0,5.586245829415431,random,2.0,38
0,100,10,0.90624,18.672687572047565,full,2.0,38
0,100,10,0.47086999999999996,18.295365373357452,unaware,2.0,38
0,100,10,0.013360000000000002,15.735130361674726,ours,2.0,38
0,100,10,0.0,5.427701489473373,random,2.0,39
0,100,10,0.83979,18.455857080546433,full,2.0,39
0,100,10,0.50884,18.131536874149194,unaware,2.0,39
0,100,10,0.00057,15.490362986639113,ours,2.0,39
0,100,10,0.0,5.447376176393163,random,2.0,40
0,100,10,0.81075,18.507893939896892,full,2.0,40
0,100,10,0.65079,18.42712679367337,unaware,2.0,40
0,100,10,0.010090000000000002,15.592843081135062,ours,2.0,40
0,100,10,0.0,5.554495788314337,random,2.0,41
0,100,10,0.78772,18.70465170549581,full,2.0,41
0,100,10,0.6557600000000001,18.62972157349813,unaware,2.0,41
0,100,10,0.021359999999999997,15.830710162177127,ours,2.0,41
0,100,10,0.0,5.48499326888563,random,2.0,42
0,100,10,0.66747,18.322168286308433,full,2.0,42
0,100,10,0.6823400000000002,18.50683219737483,unaware,2.0,42
0,100,10,0.013449999999999998,15.547194041609655,ours,2.0,42
0,100,10,0.0,5.387655741664528,random,2.0,43
0,100,10,0.92594,18.256793548049064,full,2.0,43
0,100,10,0.71244,18.410911258676972,unaware,2.0,43
0,100,10,0.037540000000000004,14.85479806751637,ours,2.0,43
0,100,10,0.0,5.33495551268285,random,2.0,44
0,100,10,0.9105599999999999,18.14627343822285,full,2.0,44
0,100,10,0.61914,18.143525741845924,unaware,2.0,44
0,100,10,0.00038,15.210996543485386,ours,2.0,44
0,100,10,0.0,5.537933004253569,random,2.0,45
0,100,10,0.94413,18.07669869423931,full,2.0,45
0,100,10,0.79308,18.512643880872822,unaware,2.0,45
0,100,10,0.01304,15.56350252759378,ours,2.0,45
0,100,10,0.0,5.615407453762428,random,2.0,46
0,100,10,0.7705499999999998,18.8147534441249,full,2.0,46
0,100,10,0.74273,18.81047803936098,unaware,2.0,46
0,100,10,5e-05,15.846685403335336,ours,2.0,46
0,100,10,0.0,5.268990357696243,random,2.0,47
0,100,10,0.89987,18.148960825036525,full,2.0,47
0,100,10,0.7259,18.24634486036239,unaware,2.0,47
0,100,10,0.00267,15.190878203850149,ours,2.0,47
0,100,10,0.0,5.310142744755573,random,2.0,48
0,100,10,0.73769,18.195549392931554,full,2.0,48
0,100,10,0.6751799999999999,18.149674300406346,unaware,2.0,48
0,100,10,0.03168,14.867525949699214,ours,2.0,48
0,100,10,0.0,5.517170815123614,random,2.0,49
0,100,10,0.8583999999999999,18.38342824566,full,2.0,49
0,100,10,0.6451100000000001,18.59299728211105,unaware,2.0,49
0,100,10,0.0,15.703136649568801,ours,2.0,49
0,100,10,0.0,5.470038595015788,random,2.0,50
0,100,10,0.8357199999999999,18.51435037872886,full,2.0,50
0,100,10,0.68819,18.47633371756614,unaware,2.0,50
0,100,10,0.03995,15.336304814240513,ours,2.0,50